log_temp,log_lum,radius
3.4690694278318426,2.464316133064397,32.08037816365692
3.935405541584183,0.38487578414917056,0.9213230846758446
4.140215014203292,1.3389932652037797,0.4721408945255039
3.3904865983978474,-1.711599736393756,1.0377336627997513
3.7020933647755174,-0.38804327719067394,0.943433558500288
3.7104710827276475,0.05036866614941229,1.3047440126567185
3.5273963963050887,2.6990585991494846,37.584634184928234
3.828695555991698,0.33094349939005263,1.8711601819513342
3.8751657398946313,0.25154117474781906,0.8412106978435121
3.9307616162751735,1.0742279284469556,1.4624504709630748
3.498173848515375,2.7162705291392535,46.769362619948865
3.7584879086269862,-0.18642049769372265,1.9054585529762242
3.9787423465103466,0.1272968741025762,1.5709214520888004
3.7453745880869223,-0.033111773320920135,0.9106810775811333
3.649213665942048,-0.33478321001327016,1.3144999780374071
3.7533108121551635,-0.3863309603523035,0.9628615839464162
3.5349992027874824,2.343324354346598,46.820240648442095
4.249225348522665,1.622321150417203,1.3967804442802874
4.064737921988772,0.8379647938283168,1.3353426945353506
3.5570178257635865,-0.8604837316413386,1.3137804601028669
3.8236236975209246,0.029964286152666993,1.3088247100585808
3.794373480831196,0.0663599700385113,1.699669886081642
4.272564117871289,-2.2177431852849216,0.01383927197117628
3.8227489918032296,-0.12176932499527592,1.7395672129151405
3.5355172651463733,2.5561951191362864,32.55820236516266
4.094998802804272,-1.9026962723813787,0.009096679866161046
3.5531442188805404,2.8195440281302817,39.3463842322911
3.6795568999909762,2.3161435925235176,44.82135193978634
3.524913242394674,-1.1329721480345858,1.095283427391528
3.9471054306999314,0.5011875697130646,0.7520619140501914
3.953036030769478,0.21967631884589842,1.0246439030129197
3.9627197241209693,0.7317025153208815,1.0013060137049643
3.5971836359562714,3.2365240482377073,44.8887454016835
4.260845527127909,1.271594367915383,0.6708307061448062
3.5655360232127524,2.4758990251942476,29.123267385615605
4.009649728151645,-1.564351351271378,0.015565186661667237
3.7701249553056133,0.15377389133996996,0.9662311585430821
3.631503856458715,-0.6500922863205619,1.1011818173449583
3.8000745801167874,0.029720345564360543,1.6934116015784788
3.8054877764601605,-0.1975547743777529,0.9945675604845124
4.120497435248045,-1.302158094605022,0.014064331335854715
3.656497469489084,2.7268414235580636,29.175976470166923
4.0443835389555165,0.6800327554242835,0.9701917282893776
3.5615157317173356,3.396290454739981,33.29245703255834
3.79207090242995,-0.20395462169612014,0.9538960535266321
4.124293161910338,-1.5762891614247891,0.014595122853083434
3.597438220548547,-1.2641332947388695,1.6536400839442842
3.8658841130413055,0.21824253193767937,1.8152347903348787
3.7220576719420766,-0.31621382357996625,0.7675551222685026
3.9770421492527857,0.5652939463376376,1.09409149939851
3.638958222114848,2.6294569615177825,28.985671599238525
3.6979454274926713,-0.9230437114719069,1.0175031451960455
3.530407869683453,-0.6986106793185843,1.4886208988631733
3.6459169942710608,3.034545607502037,30.771066546001947
3.6338008837598927,-0.4098403096831678,1.8258107761780393
3.4790139535721987,-1.4002580044438413,1.6250424619240538
3.5938041887930123,3.840673245672158,36.92602543590855
3.4398670193249754,2.4972819645722155,42.96838148644653
4.0526810707641445,0.645138490097545,1.419992941384785
3.9837647292554537,0.29019996739107407,0.7473731633186618
3.726842919042794,-0.4726014592926584,0.4977741572748746
3.798316842245897,0.2447756304809394,1.3481455102156414
3.730434418409018,-0.08427192531991362,1.2489228394242335
3.6105116754534725,-0.5769876983677715,1.47911486740667
3.652331412586451,0.05882205315449816,1.2269357687454436
3.6793502467021946,3.035431361768244,30.35581240156222
4.036051490395519,0.669015224165496,0.5955082675403768
3.6903927673432833,-0.46407541798282476,0.722545629146601
3.629086019379256,-0.4709067201618454,1.059007307553835
3.5716107948796374,2.5306037503024523,44.981936581389874
4.359373272491782,2.14520747248318,2.133949560476152
3.757542633986656,-0.3692118479732383,1.30012397947287
4.270865417115502,-1.512401185108785,0.015847834763998186
3.5574942617284466,-0.7700243009635979,1.1823103974232112
3.911111670157921,0.4248206051252306,0.9554372466565839
4.0011166769873165,-2.346210489936928,0.014628340580586385
4.030841913575858,0.5377135660205485,0.9265209246117359
3.9411094129539253,-2.327037841563712,0.017286167525624917
3.898798605609158,0.4588968143254643,1.0266145914000862
3.8883222668272075,0.47167773205709096,1.3770087213001314
3.5406072834668896,-0.6301614782282933,1.196434526411164
3.771158257953536,0.027589809068855695,1.7244603612501197
3.6899890688493855,-0.3808485468366212,0.875437499907789
3.490668908533257,-1.5976280763574287,1.6617325013998792
3.7594724118946132,-0.21165021123286956,0.9215203088249349
3.7594106232825877,-0.3794173877826685,1.2826612274558595
3.868847597061841,0.3256886979137942,1.0617340230352328
3.762511941708913,-0.36434502059798246,1.1674299201143674
3.499546111958137,2.9598751807010566,24.62534441635323
4.3862681991437995,-1.4300607194354773,0.014471981495289358
3.5638892076738236,-0.6635431360511628,1.3549543571056417
4.152967236774021,1.7284901586851624,0.522385957204785
3.4020252046134756,-1.4067851200569788,0.574541566762689
3.8699824847888857,-0.22146733724731196,1.1667067743399253
4.3895683200455,-1.8404127447904097,0.006613973776671908
3.3305262832372815,-1.7788137568737579,1.174232090610228
3.7580878481563698,0.22363767600739465,1.5208946521376627
3.728115179923631,-0.2728955879548177,1.0240935354893979
4.185016640043198,-2.2326552283900267,0.026825862959558813
3.463274806534963,2.6044602312854903,47.34594822617751
3.6103740260420203,-0.38795472924278523,1.3001374449783167
4.282971033100656,-2.129452486852039,0.012876166282057634
3.59155787378449,2.497701936202862,33.60032194643673
3.7458271497894664,0.16156152893310108,1.0033462923762047
3.84686402548333,-0.1982044782148472,1.5447413950039626
3.6168942385286966,-0.4355349857027071,1.4503458989457723
4.493319584104341,-1.8803765679444253,0.010888387111493751
4.13298899689863,-1.7879694777679551,0.014935367479773854
3.5566726764883247,2.468963911740512,32.06377728733342
3.9953409816802603,0.38863022650260115,2.0412790167246904
4.031194260398194,-1.112344553695244,0.019110582427989214
3.9756061260845446,0.8784706997711861,1.7110858998986438
3.908887511127045,0.2759564119878839,1.650027825334543
3.5266287299288273,-0.7601343506856707,1.6944062273965854
3.696755455509907,-0.2757079417375612,1.2744396905138684
3.5948717266110903,2.7938760603308017,36.46687935823324
3.354973803131148,-1.0344737074631973,1.0816418660340208
3.5603440340051846,2.6763534143189993,36.536392931920254
4.114282297073685,1.0500192315017172,1.2572900359916725
3.946495164960598,0.34074442064166127,1.7615912119888308
3.6872780183838283,2.7889940379797453,12.021902293746805
3.435444002472486,2.9567216021610183,30.630044413980137
3.3098153040509812,-1.9077946284109666,1.2264832887954962
3.5804662688348134,3.7277318159926773,36.13373530911924
3.7945276376897747,-0.19653956202660192,1.354936349423665
3.564021869643279,3.26938954299413,40.3030501493393
3.658568131106149,-0.28633610415746075,0.438581464709518
4.030032184218844,1.0296607335305237,0.7805918919496664
3.819700063800931,0.4998643856338133,0.6082962563209361
3.5624380070888066,2.868166488950195,31.89458545167017
3.6916551672108686,-0.30562210014577856,1.9216736187345176
3.5512911417437287,-0.8119189293130614,0.7349399313484741
3.562114176579148,-0.5912485093276176,1.5638125692897076
3.5932078005368724,3.3560830196069253,41.5421303936023
3.4975043931896255,2.9839888571756465,28.972657037230533
3.909078782547094,0.6639520301049352,0.5815931604590647
3.773073900836752,-0.3438070194146948,1.54642688023084
3.4136083359068636,2.2326537068267873,42.46072665498472
3.4903581299816873,2.8136333873036903,25.208477865901948
3.9339753824967763,0.6103060619543695,1.1655190673137255
4.1773538028728945,-1.9424869604262913,0.018002324093926294
4.3102606498782325,-2.1540171420928704,0.020859878855671917
3.793645194940253,0.07805378790869236,0.9563047759316159
4.305770482763935,-2.989649905187894,0.010202547344113971
3.8730290274182333,0.030801212976871575,1.627152631365532
3.6858013915216454,-0.2816508383935669,1.600342578595787
4.298564237121475,-2.1477401590145804,0.013507113857382534
4.1812427557037415,-1.0500590325523922,0.010641772457381684
3.8135370651298097,0.01559232945993383,1.2885861980767415
3.7020711329370806,-0.4616066012423024,1.465242946071589
3.55402511915365,-0.9471690714875594,1.285462101305872
3.5231359922074645,-0.9386255140146376,0.9354412322038248
4.060391732420574,-2.105565119413847,0.014413000998122307
3.6592728827790966,-0.517304495126288,0.9425669380224251
4.277319802715502,-1.5796899867477234,0.013931463168499685
3.9173363677526636,0.5376331928959036,1.1045435318337198
3.81174191550758,0.022824572215352595,0.2754117849531831
3.7667504438107686,-0.03747031917349651,0.6888481435575092
3.632301975189889,-0.40811865028087246,1.7078403928713772
3.530736468198831,2.9130319801953197,33.66302628970871
3.468906623982224,2.5372422884114414,44.603311263555405
3.585040568663383,2.768143443501714,46.29776444332343
3.9231607580434247,0.5682920749472905,1.2672581459908776
3.8706846076817247,0.16724660413079354,0.5670269614821907
3.241953246786333,-1.8799007320110521,1.1570407068607738
3.9748702277857264,0.3853324736164663,1.2496060901663157
3.543970756645079,3.1532439108588637,22.494473530426745
4.057407871723468,0.5454454723377568,0.6433734949761678
3.8331333531541945,0.4951750580474339,1.7317443579854959
4.386336430460615,-1.915769511865193,0.010498604803575406
4.159552895052118,-3.2651437613731646,0.019923641168680322
3.9400157729211904,0.5170251447289571,1.2956947252442115
4.176220873132819,-2.310423799125558,0.012888746753464153
3.5636671041033523,3.0772422429052573,38.43053200264458
3.4538326582597905,-1.0501379529819015,0.5578629247287387
3.7426397842979586,-0.12571149393175612,0.60281584811067
4.182975532528256,-1.4464596653565136,0.005283526404938014
4.326832232376645,-1.1938896858722878,0.013799094434480994
3.9191580137948305,0.10926746891209485,0.8429906189922489
3.6376758935498597,-0.6145141566468064,0.8171476741659354
4.38446156614273,-2.8742659866190903,0.007565109805406929
3.8299575348491834,-0.02224952692788561,1.3554432641848
3.545680145819967,2.5179952576966365,38.35215207492836
3.712347180118459,-0.29680763511065583,2.0435279786616896
3.9096030389250886,0.8381837200817703,0.5559896670921178
3.383237811745768,2.3586533575304505,39.06393061530035
3.504835015817464,3.144189395343898,41.525897700314374
3.4930260956342587,2.438436943414084,34.110191509210395
3.776229710267872,-0.008458442162003236,1.949725558052915
4.43971641702918,-1.9781987768137732,0.012215427402029817
4.180561844648548,-1.3131707274185211,0.019261384523150207
3.977844564093627,-1.7761415370948612,0.009960942689364588
3.556055783346105,-1.0859240627873334,1.9064061386438154
3.5475447855498463,-1.0274579884436839,1.4901118812653376
3.9193898367715367,0.5956428770010062,1.1486883034767177
3.838729173268014,0.14207403641466326,1.3348560711784714
4.123254335247161,-2.9005288670763694,0.011476923958326696
3.8956873475716796,-2.4455961127076438,0.011783848583858681
4.058677323017883,-2.011434031149441,0.012742577925593208
3.4859501231899506,2.4488069652973756,33.37060999858427
4.260414406032826,-1.5152713997366316,0.012109983612544874
3.8152413189308256,-0.020506250984780493,1.5049786402547003
3.5795244015383663,3.101336648441813,20.913897926753457
3.6268432699697484,2.5327638185427803,37.57358244956811
4.097927591664455,0.7318199367639381,1.0848977133015762
4.080746922847891,-2.123031244064974,0.024708750983166466
3.7116988314642456,-0.12469350960129791,0.9040400956377229
3.7757001798763494,-0.15843520896861218,0.2869084084343394
3.507253251829793,3.3050336413708727,22.79474948343924
3.6444048870923322,3.4123003329374786,39.79942983996963
3.561881696245136,-0.45273139195143036,1.155647205372408
3.390579027929127,-1.041715879138778,1.62899895519178
3.6368214408535766,-0.4248957360157915,1.6958273146161595
3.939227802750496,0.028077648756208422,1.2351667261940824
3.7826222149444515,-0.18911940767497937,0.9732881198281114
3.6350398042037773,-0.7011057034405965,0.7606182802023504
3.6074140754827773,-0.8949529701052197,0.518810107693196
3.499707177617858,2.394097307722853,30.34655268841085
3.5733767000404217,2.400645824324683,38.75019404860019
3.5988624629774737,3.4053798972968523,34.02601993293373
3.6445808633585557,3.5416370265336754,26.80650540536636
4.1818220508049375,-2.10405842863627,0.006584115221748368
3.510293707298624,-1.2974862929384612,1.2885083930605443
4.114040990234249,-3.0609274495042973,0.020800335945114313
4.186057532623456,-1.294533810126865,0.015084298076509838
3.8353016757000846,0.29524413548848766,0.8972712783701485
3.746823202574298,0.21322039128675746,0.6419743967891214
3.396981017750438,2.825789765924048,38.892013150609614
3.5958969401287053,3.2096250103245847,44.66692984474514
3.6597528407833613,-0.8245369530433944,1.2287468984584877
4.013478637118993,0.7418562427909995,0.36335641856575374
3.471125444651279,-1.374952469848753,1.4611406232733901
3.8896436230161195,0.3396272127210621,1.682400733915701
4.034953345765329,1.1367985496980857,1.0003124428416161
4.196578224529213,-1.7981349548316952,0.01095852241602877
4.220215206326242,-2.596962503199528,0.022748042621773358
3.6763427206519657,-0.2504060822936267,0.8901214085470621
3.362219156895147,2.5011153283408705,34.82906164521251
3.493582743113195,-1.3419748407467178,1.4865936401377002
3.9604446845509944,0.4730000090740445,0.9821509056672935
3.46345185299914,-0.319691287207307,1.4303363276468621
3.5423400404015695,2.832731743419026,41.70792619561313
3.891841666560728,0.34603078142453864,1.3549612468034855
3.366182210849111,-1.142037891525812,0.6464320802040708
3.675847052251891,2.849068126397918,27.373371133930302
4.032671427541043,0.9837735602784453,1.43341936420041
3.9812936198002,0.5187493296942584,1.503925352794754
3.6207659608550498,2.9469462027264712,33.188168864787784
3.774950686436344,-0.11234653612384919,1.0373876752081477
3.4593786315769273,2.586919664135235,39.108800852557735
3.6426860299698594,2.4107724236473778,35.95664294731323
3.557112837329007,-0.40801172728472834,0.8340805863387266
3.686735836426464,-0.6966195060556586,0.49765077831882476
3.6683946552139917,2.9074369115453025,35.456104999176674
3.925741162094782,0.6849225838802684,0.9420600194752411
3.931259196249211,0.14474947598815546,1.2301995312161436
3.7578216263904705,-0.14648290160226538,0.9315748522860587
3.88743631763977,0.4219040060338977,0.7470481530409918
3.552479030726825,3.424604478690741,45.413930315190385
3.378448284847745,-1.532966274917692,1.3708067268413753
4.012832056659992,0.14690464662545283,1.8726061120307913
3.425874081706207,-0.9752975000213394,1.3848937095758485
3.799237023655792,-0.17085295744264126,1.220380346376933
3.6002155864789875,2.4860406747671036,35.117505557833574
3.935948893676501,0.34778375029451664,1.7665798902067331
3.663993587416799,-0.3463769125854955,1.1000644043139909
3.7751559623985593,-0.09286089356820541,1.1225999271822737
3.748488922598155,-0.3042279650351553,1.5086417759458197
3.7474207587576824,-0.4809269190082063,0.8166674872851162
3.365599829616778,-1.5814479222682227,1.9725807924821344
3.9136522307822568,0.062240167034083756,1.0653423336771892
3.8531703308939416,0.43210705900181856,0.6274304665359777
3.923915969848707,0.06930335601960093,0.7726693239134697
3.5197406929563115,-0.736175532017839,2.2910904457686607
4.041692426159334,0.9491564034991663,0.9205726373335457
3.666089835039783,-0.28568026054090845,0.6361155532736197
3.860928489732929,-0.20682743943785004,0.344355062587547
3.542242098594767,3.290773289553723,41.12864222707752
3.6700754210657545,-0.5540178905466275,1.2764133469318724
3.623438740255546,-0.5484765914243396,0.4534192618830932
3.4514674573988855,-1.210493588085191,1.0886276973409224
3.6312092061205306,-0.5995654453556485,0.6495407434749729
4.21535266082364,-2.571863103660331,0.014851390964054606
3.620152365279327,-0.768021592118303,1.3067897583746584
3.7212263754314345,3.185551646717964,33.82398398697209
3.782317650306548,0.15521465445269222,1.2972389369945903
3.8001238938782147,-0.18356191667757912,1.3310659945259686
3.6529246639314525,-0.1396467163256835,1.6682765967530846
3.6492306701405037,-0.5610504456252872,1.3257526277370975
3.6280364368813007,-0.39903883851563315,1.6843552405711149
4.014189404126892,1.1907572483946853,1.8603289187016832
3.7364458306977184,-0.006078766146516728,1.2133073501320906
4.352170388861641,-2.3980129284017444,0.015095308590286112
3.662253408432412,-0.614153072406889,1.2389286323645228
3.6194441380185998,-0.7735741441754677,0.971913732504228
4.038595006102495,0.7499778592033073,1.2594658460676822
3.5568479679659672,3.182122083428204,40.57109957965372
4.262499846038503,-1.9156726640166362,0.010123587080469476
3.75404365725791,-0.30368598067928404,1.4894348231874368
4.022280585330256,0.6689266404296191,0.750934597312723
4.239620771045285,-2.0132028784794636,0.011379342989264187
3.9768803335063247,1.15240042602841,1.8920653651417032
3.917861327684371,0.7322699312975403,1.5068115401238975
3.503352854386671,2.6171614973654913,48.29007371638296
4.1328513496760895,1.2683814935950914,1.8054701322985784
4.225396699157411,-1.7430460751705426,0.016568065473866356
3.6435500577222717,-0.23807669233435333,0.6402945541978444
4.063834250234424,1.062456130715074,1.0032061229243086
3.7257060822948236,-0.40968550915227997,0.9927533073790437
4.228448271353767,-2.2323086486491963,0.016266901875956804
3.9161131396870066,0.5810653726820432,1.2109612831566723
3.5178816441534027,-1.6218240303879883,1.483497205226656
3.6402203224497,2.153947273637796,34.71486814162013
3.839267814372178,0.6045712588503764,0.703335383073821
3.841071919800329,0.37904316580121794,0.9364280679860203
3.5148931062584277,2.7319261509900286,34.973004340712386
3.668402414056681,-0.46628422582777085,2.2154847172147782
3.528998856167967,3.3970754275838084,28.57456839455724
3.480837236286446,-1.3653934849874423,1.727461657064671
3.586129511082737,2.257367278150638,37.34846345733303
3.942785617860643,0.9867713393008508,1.0498325173165894
4.459958428585651,-1.8163563432993297,0.014000629745515537
3.5305705580918123,2.6709280644631455,47.010669215643894
3.9524211455943914,0.2317073297799318,1.033886594802404
3.553393622026958,2.7480717201066294,33.51769872897833
4.238060297030882,-2.1958242837108957,0.01346519748526991
3.5392752455969614,3.069272540507983,45.318022032661965
3.683120734716751,-0.3617204853532587,1.267269379400426
3.536603655802488,2.4460789143892394,31.45374199046792
3.826904995080818,-0.011043578231774084,1.2210103602562532
3.982171294734024,0.7360169356215607,0.9467439562208814
3.6269407626017274,-0.3281789516797494,2.0416669418875975
3.4404941459439002,2.867744329614431,27.63461125536507
3.5282084611290387,3.094737558836973,42.072363170888394
4.105159980512233,-1.4997088409785109,0.021227294134506962
3.829302624029637,0.04194715358559285,0.8628167853332861
4.008648473358975,0.5615183186842166,1.2875846606938406
3.8817958680757543,0.6965564196138486,0.5683985837879455
3.519969423662841,-0.8437231786946457,0.8329797096466904
3.743376088667927,-0.21947690346018753,1.3167474668957884
3.854675508520593,0.0705550656543356,0.737025558777105
3.7209924073795424,-0.8422621628354503,1.7572662392361218
3.601789392672504,-0.9273076955689104,0.4869502739459909
3.4717865959300824,1.8548270257832644,42.23147872868956
4.24607455694817,-1.7101834133932121,0.015869313024171484
3.8967333335056162,0.40461411838048245,0.8812056744919636
3.750586737189646,3.2749544206259005,42.885839965438905
3.707030654011594,-0.2878591436002964,1.011730016682687
4.0158020112513695,0.6273940741529599,1.2216995316927173
3.6082486655446324,-0.611200003582014,0.6947797356676182
3.784552016446061,-0.2245434164346569,2.2980436036011005
3.464545847443264,3.6224828519761285,19.269147284991988
3.7694058150828686,-0.00024026326505966947,0.7610559871505322
4.210667927519379,-1.6289362544640538,0.007835791093934579
3.4289657183718605,3.00637568708164,35.535925737798976
3.8547235591862266,-0.16935450885199987,1.6614549064927664
3.486622587012398,2.5795257134685863,41.2268886093331
3.804763641033317,0.013805213635109588,0.7516552382460371
3.6422270638694276,2.97477526789854,35.024368161227315
4.24786884420677,-2.1765831464053442,0.013678924732559668
3.8437293371276393,0.28497405529526276,1.5179509636368191
3.5914931860626496,-1.190313803682196,0.6518209306083331
4.314665605638687,-2.067154370735274,0.018548589437068164
4.359247553655563,-2.014631406842489,0.01477016028087862
3.7633867006039963,-0.20432911337010898,1.177532834442131
3.8969831436045763,0.6140111782826772,0.9756074284711302
3.425014071558804,2.251239542827457,48.69366784113875
3.5752915314741673,-1.0815201191556678,0.09464697630037877
3.9267842911952786,0.3752712906208897,1.2429865182580266
3.714569633465194,-0.24962292940861658,0.4115444731094273
3.772684144002132,0.19994131317886998,1.6311528889056093
4.341182481162571,-1.2393419740387743,0.013069735280585453
4.232981741579703,-1.6458927883717214,0.019262556610550693
3.4663876204060498,-1.7247783792768168,0.5785643009309064
4.033838203593551,0.9941966557706794,0.9310602137312392
3.5552560652444205,3.312406544694045,31.42142483472999
3.8466582578274564,0.432503405280443,1.4828213388050187
4.003102135868019,0.7368267761739968,1.6402023589538552
4.147729204997382,-1.6892140550719745,0.01668644423021447
3.6908615253887747,-0.03314836912466624,0.8148219955766776
4.0860327622450585,-2.841719096110475,0.019314947679615203
3.5252483118218434,-1.1543184317524364,0.8497184789471317
3.5731413007746267,4.0772430271379445,33.556160691275
3.768270674933406,-0.7676677600350696,1.054730989049883
3.5492936455572575,2.811272462947651,27.812256145671704
3.8914846619609365,0.374391813788382,0.5065222315826136
3.583815777022524,1.6314598066021568,26.422887904115143
3.934638945620677,0.8541791320887675,0.5139232857978859
3.6263613736083418,-0.4742873373684164,0.7641091057897352
3.5293783493380175,-1.0964448675700424,1.583557043807314
3.827269111332659,-0.2123563576081241,1.5496418175316335
3.58281184253025,2.4179509682602585,31.770812294064026
3.407768143395087,2.2675068185768885,28.712084315936405
3.5707121195860867,2.6838901823245394,42.35261186390215
3.5731831035911554,3.0968381488037227,30.154280615973292
3.436455232920467,-0.7393695512277795,0.7754159093618018
3.3521741195399515,2.2060408126200386,42.59643308353059
3.9409376763106083,0.8486346879397412,0.6210008422156622
3.56429528247606,2.5743009605370446,55.465594285346015
3.578974297311182,2.0025057429714175,41.668231692871395
3.496327794168718,2.302454705843486,48.99661394549551
4.025315763048739,0.9730267190047402,1.4994866683699026
4.309563649813406,1.3624613255465976,0.9977224647012686
3.6056898839781297,3.2742816618651984,39.29322202021829
3.5288200077651575,-1.1783706251067763,1.5432072445360085
3.510026904903607,-0.7675924195562711,0.9686615723200119
4.191421265439877,-1.0494046571234963,0.011831908626934713
3.6457807127767463,-0.619426656590239,1.4053515742137046
3.6959794275475057,3.2354994478816743,32.022345791431576
4.235884207059758,-2.7514851641975766,0.01709158744935999
4.1832019130778795,1.239524102216515,1.1560211819209958
3.481255151509662,2.967812977562811,34.03241481113775
4.182794113390685,1.5470003079326167,1.9586783520717888
3.6985930589487284,-0.3698254548925958,0.7628240041737984
3.4264748315665963,2.613585399252703,33.819179309610654
3.919495168095184,0.7643239192356285,0.656998344860092
4.154417002101087,-1.1923121552652791,0.020443298383917806
3.7323498614984905,-0.28072889045201327,1.9001236299554707
3.7093270908131335,-0.40260074604397583,0.7361294179051612
4.252275300143187,-1.4134376812066793,0.014520130223750144
3.5674040040196844,2.640145525754159,48.81571080986724
3.871340549487304,0.5505353611094035,0.9939960790123918
3.468343441614271,-0.7129165553311487,0.892249809888533
3.4844414954053704,2.99389312691779,41.822189400977756
3.5844387745939197,2.321646775185926,38.15737223858385
3.688875465289306,-0.40616042414367154,0.7669431946579869
4.047285187815201,0.9023249753913497,1.5188625915432192
3.756083167764784,0.11066130764673467,1.2249209383835469
3.7171043756522755,2.604835436741719,40.423406970714154
4.289763170916943,-1.7554064349261682,0.019962728562469778
3.8862357236749747,0.2533942062815465,1.0438072062956942
3.5759784527698097,-0.421426052283676,0.6273745854864542
3.5773414351953465,-0.6822842435470282,1.7686567259086283
3.823926271671868,0.5495238943047195,1.1843526713637376
3.8714711854721866,-0.07687991493483658,1.9283390138220629
4.1133882758679325,-1.856437917399088,0.016616692912933304
4.334393788499515,-2.5339014607895964,0.02265009556862672
3.5626191946676284,-0.5642069851589752,0.7933095666386893
3.7642259641965485,-0.2730209381565502,1.860934309516829
3.7070623385185044,-0.7634297052674717,0.9791853431426554
3.3750734701631804,-1.6004596296981441,1.0623573889300377
4.043629746184794,-2.2054071439772924,0.014038843932960192
3.573811620422545,2.6892746800444316,33.22997101131382
3.6310512995154536,-0.35752726929923306,1.677031423159967
3.8994412870053363,0.3835214796208931,1.3000810144820025
3.7738187646484564,-0.08469340489760348,1.7273977338481594
4.13161582217376,1.2523647056886544,1.8840356978640904
3.865713863381766,0.3655207239592756,1.0567363284936848
3.959702278953821,0.33769371207311605,1.1169707815093315
4.1947622059307275,-2.305884545452643,0.01308010208617506
3.8322177104240653,0.29621782473049885,1.2507665001214208
3.524068414280606,3.2119843270324644,29.851601341460302
3.5495297492141935,3.797199806973116,38.10862883624771
3.5396190749073977,2.556086838272247,44.57305189316521
3.744119481547911,-0.1966960182458475,1.5978549867782454
3.9152505266611892,0.4459204150148319,2.028363986760376
3.8396432925093924,0.1449916781168143,1.167978943335111
3.8273172161835776,0.5027770691457775,1.3616210281373022
3.6218701872800314,2.5425927078479424,52.32001875920867
3.9113034483986757,0.6265391593963899,0.9494794228826067
4.033258593676427,-1.8378203591391986,0.02031146369615087
4.030434226300781,0.4974861917434382,0.5701169595307206
3.527153296160115,3.1579697507777764,29.25274187544642
3.723447042491802,-0.6308485682256358,1.232788791721074
3.621203167099235,2.224688808673053,35.90616328430212
3.973315785020236,0.47916685009126053,1.4551794821690356
3.923548111387182,0.8403872379730694,1.28045111014676
3.467496650421822,2.275265507059936,35.08282095874704
3.9061727553569696,0.20087354038072006,1.344324127703367
3.729284772824922,0.2006230250973448,1.5113529516181643
4.046370531586455,0.7824129898018817,0.5177644032850597
4.213856910452263,-1.4571068375303264,0.016377643893673313
3.5940732397991675,2.578564703316802,48.421606512611525
3.6543848069873754,-0.8528837460020562,1.0797493219076986
3.4528431590548276,3.117705871848731,30.767578581229643
3.9051345923576193,0.2985086409661635,0.981935867344382
3.5594731238505357,2.6282377835498987,36.00179602118326
3.5917318597282843,2.8304021565649644,39.46661530017378
3.9772876599382565,0.46962368718212666,1.2211973302213341
3.691442104211605,2.557753784105254,43.31923749916861
3.603917409017987,-0.2758988528714926,1.5676364798684066
3.9378783609928174,0.4997430658337374,1.636086802024713
3.870140383089762,0.35946375943952363,1.4142062900439871
3.7110241705184555,-0.18241804262878636,0.7955773106166699
4.200908246106785,-1.7268578759981503,0.01304842296872162
4.156271232962721,-2.728775749732465,0.011636254294775106
3.818328349967971,0.3480777260490786,1.2867996835746134
4.026115428791505,-1.020826272889703,0.01722130645505641
3.8051532937020442,-0.15746758164911503,2.128084876447125
3.702533164745021,-0.21783650863910686,1.5635229908116854
3.349298727064073,2.569395839709312,41.07324128242117
3.5435955816135642,2.0533853531707758,29.26542143517756
4.165881015281213,-1.7950906715357438,0.018007841031535878
3.54316170193933,2.2520788081683687,30.54006571993733
3.7330089465475713,-0.07787908155495088,1.4300640406442193
4.187503590468039,-2.0548049019629153,0.013345260369517713
3.7323468515346687,-0.23881079930151164,1.1417982567268812
3.9449975414985814,-2.7568571963064135,0.007915528691677984
3.70798956169404,-0.3867983528294966,1.8854616802465798
3.6406463129453086,-0.2217320909669585,0.8652666448032329
3.7950549489731493,0.17588147583103741,1.4746636981627643
3.9179261227193214,0.3889666825388177,0.9424862542468326
4.240827444589828,-2.1250232572994765,0.01616419465504038
3.7922730934949738,0.05266463238800016,1.3470270195770517
3.6241058428044695,3.083243470675436,33.78024130895565
3.667814091539272,-0.6303885774130127,0.9081376837066876
3.6398653797740446,-0.4045415334333944,1.465982227575343
3.643966143786838,2.673436620122079,26.261497882619366
4.16820056209463,-1.9615740585206158,0.012093100087456884
3.735375462428787,-0.20391342503696952,1.4718595838022086
3.874826196178443,0.027848188504733837,-0.24953882112887493
3.7547382727021703,-0.018423266814382906,1.2536796411943039
3.558408702368003,-1.197001109755656,0.9713773992672665
3.6069400355693966,-0.8895738247538137,2.3300785357603733
4.134713971368983,1.456728054691551,1.132119641905834
4.025588794879859,0.8887265082959024,2.078651790860671
3.825053440797859,-0.24965438563716025,0.43518944420964656
3.5445391881329833,3.011877101742692,35.45319939917686
4.176125002944149,-2.0522246092687357,0.015313282797383953
4.04706895370375,0.2295024845739268,1.5451141550317278
4.144597031245205,-2.1834122059073438,0.01087485624864645
4.0768093394713,0.76482881076818,1.567853267601864
3.4747391001981383,2.2611494841881212,36.47744244691927
3.5853129149802334,3.022492003760264,45.62555313479246
3.7465815312473523,-0.2049455096833697,1.5699275949387372
3.595138460261704,-0.16869729257849078,0.6966659964618708
3.817705222899556,-1.4994769537164294,0.018031550589481
3.7056680671397046,-0.2355918191291842,0.9630840345205521
4.3593401685297,-1.4837268978291713,0.010121049801737073
3.582052740262106,3.0535107523728393,37.47856568181622
4.217423790870418,-2.0879429062161683,0.01746631757884704
3.6769654417994713,2.4785301728121074,55.637674701234545
4.191013630711553,1.2126789803473208,1.1704482156570202
3.7519430036853247,-0.14323804289289763,1.5302522943963048
3.6714074571745057,-0.21297599741951653,2.576917356465084
3.4777093747392103,2.7890781841960273,33.73176341578424
3.681853002644753,2.9235332050395852,35.1701726138885
3.746645221136646,-0.2831987425529557,0.9313862118850269
3.900193957115418,-0.09039338554758634,2.235146779956839
3.5265707988299777,2.554638934583624,32.303312231055685
3.7912727927577206,0.05914155246214132,1.6487935554687843
3.667261047975107,-0.42196889574525503,1.1091953428580363
4.426082850997715,-2.129398031333551,0.017508508030996527
3.8250650269975153,-0.08314011007872801,1.633191208979236
3.8790092854236926,0.018824557697314722,1.5017884514052824
3.979071569151033,0.7610686775877017,1.5167866336923201
3.519080887865714,-1.4023180635368566,1.4119045242272077
3.441354662820341,2.5348396329796206,29.38406649754596
3.551610673670655,3.6229981878846793,39.95323408804158
3.5480614201114764,2.989879293151981,43.68716452665262
3.6807006070373016,-0.22711992814696283,0.6404849991259174
3.665603625371946,-0.4734218954875098,1.7944150819683906
3.9356584313891814,0.2504502042239558,1.7184680497327847
3.7961704933875238,-0.07152856044314689,0.3111321593973858
3.864595958286933,0.1885667568078108,0.527774035385627
3.5919415225785833,2.079207824967992,25.639095791525122
3.850792025917557,0.3737360502699,1.6669629401144492
4.197253652997763,-2.1746583980590986,0.013644138792357872
3.47568215628944,2.709406360460067,39.65678162774893
3.797629159596201,0.010285587394660334,0.7987356464497664
3.9244983295173568,0.4453493271545347,1.2387241301893328
4.025436708468749,-1.1922085882258842,0.012350419284590151
3.6330760611217223,3.015318431619853,39.06268605031699
3.5325897468333203,2.2532485206338313,42.47455928991419
3.575902896297602,-0.5027938320525934,1.1598689775131243
4.271944582737034,-1.8664366744942582,0.00792870020973107
4.12420332269835,-1.4570089419124839,0.018613744333410905
3.989958463970289,0.9213571047607882,1.467165433189481
3.8494851137866672,-0.17347055892925775,0.8617496637423339
3.5772806843434464,-0.44761603552603424,0.6888326633036848
3.7172021033377547,-0.28324924916499117,0.8047269380471166
3.5547777006251553,2.393671272408641,44.18909879542972
4.06885246205185,-1.4190608486959047,0.016066018498244905
3.7513336073261696,-0.1646002740386946,1.205631492829603
3.7808598643904467,0.38021706801369837,0.907822284855482
4.226940723077129,-1.8340098347154927,0.018172764979767286
4.058995974833921,0.7730264285865068,1.411796973705924
3.6117796282555372,-0.21602232548480518,1.4945099519779212
4.307488145201239,-2.7523601870155012,0.015368681783219674
3.604033384798896,-0.8575141317926063,0.42197634585182764
3.6987661831505294,-0.5163305053682656,0.4787715367254288
3.7888311546929803,-0.3741000707367977,1.2343557941141627
3.534230733114173,2.648348903605005,48.0271729850283
3.8085864205099553,0.19339067837360713,1.1667123585467771
4.094549346470109,0.5937420015478636,0.756635862848494
3.8153803711146552,-0.21854980319442013,0.6290206788579488
3.5126068475619894,2.4803231973398985,29.832286567003717
3.7703273515090436,0.16738519504842816,1.1026500064319977
4.378998119455283,-2.513837570462979,0.011126348317983627
4.213130251839096,-2.2743624538704807,0.01571489951828808
3.8753394957837295,0.476116976669682,2.0105516362805202
3.4356707746194606,-1.6369789086572895,0.8385180175698717
3.602147824369531,-0.5474427987310189,0.7875951297291398
3.94656825719056,0.4360602829281329,0.25016495666442384
3.4255771632356327,-1.5439881685228447,1.5895788107505218
3.423586046248477,-1.5318986284303424,1.9850122894769506
4.093655477256633,-1.8934016858811553,0.013573147422721194
3.6653965881919115,-0.357990741609803,1.1381663247439455
3.535503867565983,2.9713228388830593,26.500851774824962
3.9692249405724374,-0.015088418871716388,1.8997299149927804
3.827730743195466,0.5704795142288508,1.1851851673530795
3.748553887848911,-0.1559862564322445,0.6428886817184853
3.971419161654147,-1.600029049028975,0.010287788968184651
3.633660163432327,3.5493191104870183,29.65484731568805
4.052460985954852,1.1868773268162875,1.5400677724451555
3.484118968904772,2.71639069708559,25.205614109685072
3.9313673248914114,0.6186296467547393,1.0562718822115846
4.102953917331242,1.2348205430786887,1.3921311084705725
3.881644130767917,0.8114857352488065,0.9210420403259569
3.655984525181893,-0.7777767924944959,1.6164811304875841
4.290234052114461,-0.8843499269036839,0.01723984458426199
4.018557763018098,1.018527148573078,1.5337347404176986
3.9018062216190033,0.1678003850002509,0.8629189398793398
3.8793010031001725,0.43067458673133163,0.8277592714176298
3.5518760310469557,2.3729868342982905,51.50019935394516
3.608262624785829,-0.854638461376901,1.3513801954593958
3.518975054203738,-1.1101249095018306,1.4926412179497879
3.9632480099258185,0.2901716991387475,1.0739820919149432
3.934543780027947,0.5718643675913598,1.5901136483766671
3.685392987992673,-0.3315412345924966,1.454807673990876
4.058531787387616,-1.0305355004708576,0.01196903234899568
3.7923837178271427,0.13836576146912186,1.5951847378426827
3.943376278755909,0.9084896968733261,1.5633725944694694
3.6069233885373744,2.9963899806553003,47.858764608159944
3.8920839827666027,0.4218476432078138,0.8322918606053384
3.8924241857095137,0.41267174224154873,1.483055713924766
3.5211204682206914,3.0889525431311085,31.500333597412716
3.8426265374544393,-0.17597876337646004,0.32360887790587756
3.4562974481396345,2.7423649777113535,27.485316849449966
3.9311047646158372,0.5008721934077912,2.0054050462832964
4.287026104173467,-1.6305947595562484,0.010816590946888225
4.100085668693907,1.2690781926327819,1.175158313854694
3.518756233877309,-0.7572448425031438,0.9606355365998177
3.8431325535107006,-0.19443070832545822,0.5523969950517927
3.7074809416549233,0.026573794646103873,0.6819635624460116
3.5750324635013913,2.092624253774859,36.12708997528963
3.5400019571740367,-0.966244701846153,0.4811116429659712
3.818349669080851,0.5062251290581603,0.7163170285978049
3.6162216946290444,-0.5278521664849203,1.2232309063633127
4.131684850925507,-1.5524808429619423,0.01565647830684326
3.6561153390788887,-0.6472319442773479,0.6632111281349052
3.5217023143151507,2.854614132433095,51.107097980212984
3.7096833804091958,3.602437155263649,47.336879620543
4.104123218877306,1.1808120303859444,1.3969862912901718
3.4580090220223285,3.658059651109355,28.317223573921943
3.855224087672955,0.2013474881506285,-0.006084372245711567
3.5756298725791167,2.1776417415185487,36.87028729432598
4.385956985361897,-1.1938608710056773,0.02233414433672577
3.676665077777714,-0.45069326845926483,1.190652523011613
3.9843487106236712,0.8449153822929446,0.965427405804427
